Key,Who,When,What,Removed,Added
RAP-280731,erdal.karaca.de,2009-06-18,severity,major,normal
CDT-421398,jiri.nytra,2013-11-20,severity,normal,blocker
CDT-421398,eclipse.sprigogin,2013-11-20,severity,blocker,normal
WTP_JAVA_EE_TOOLS-159017,jsholl,2008-01-21,severity,normal,major
LYO-513100,andriib,2017-07-19,severity,normal,major
PAPYRUS-469109,vincent.lorenzo,2016-01-07,severity,critical,minor
COMMUNITY-334069,zteve.powell,2011-01-13,severity,normal,major
COMMUNITY-334069,zteve.powell,2011-01-13,severity,major,normal
PLATFORM-48006,douglas.pollock,2003-12-03,severity,critical,normal
NEBULA-285259,sedavhikh,2009-07-31,severity,normal,major
NEBULA-306144,nicolas.richeton,2010-03-17,severity,normal,major
OCL-152208,vramaswa,2006-08-01,severity,normal,major
PLATFORM-255285,mike,2008-11-13,severity,normal,minor
EMFSTORE-479252,emueller,2015-10-19,severity,normal,critical
OSEE-309707,ryan.schmitt,2010-04-21,severity,major,critical
Z_ARCHIVED-95111,bjiang,2005-05-13,severity,normal,critical
CDT-255092,tball,2008-11-12,severity,normal,minor
MYLYN-272388,steffen.pingel,2009-04-30,severity,normal,trivial
BIRT-137650,whe,2006-04-19,severity,normal,critical
Z_ARCHIVED-92858,mani,2005-04-28,severity,normal,critical
PLATFORM-17477,nick_edgar,2002-05-26,severity,major,critical
PLATFORM-17477,nick_edgar,2002-05-29,severity,critical,blocker
WTP_WEBSERVICES-102364,yenlu,2005-07-05,severity,critical,blocker
PAPYRUS-518691,ansgar.radermacher,2017-09-06,severity,normal,major
MIHINI-404521,rjacolin,2013-03-28,severity,normal,major
PLATFORM-52856,chris_laffra,2004-03-02,severity,normal,enhancement
PLATFORM-52856,csmclaren,2004-03-02,severity,enhancement,major
WTP_WEBSERVICES-465849,vaninder,2015-04-29,severity,normal,blocker
PLATFORM-63296,christophe.cornu+eclipse,2004-05-20,severity,major,blocker
TARGET_MANAGEMENT-196465,mober.at+eclipse,2007-07-13,severity,enhancement,minor
Z_ARCHIVED-187554,jkubasta,2007-05-22,severity,major,critical
COMMUNITY-447578,markus.kell.r,2014-12-17,severity,normal,major
JUBULA-401277,achim.loerke,2013-02-21,severity,minor,critical
TARGET_MANAGEMENT-197784,mober.at+eclipse,2007-07-25,severity,critical,blocker
ECLIPSELINK-231312,michael.norman,2008-05-09,severity,normal,major
PAPYRUS-466987,toni.siljamaki,2015-05-19,severity,major,normal
Z_ARCHIVED-109812,ling.yao,2005-09-16,severity,blocker,major
EFXCLIPSE-441453,tom.schindl,2014-08-12,severity,normal,major
PLATFORM-497767,mistria,2016-11-28,severity,normal,major
PLATFORM-19935,nick_edgar,2002-06-11,severity,normal,major
PLATFORM-489565,markus.kell.r,2016-03-16,severity,normal,major
ORION-341807,malgorzata.tomczyk,2012-10-12,severity,normal,major
Z_ARCHIVED-197553,apnan,2007-07-27,severity,normal,major
BIRT-216787,melaasar,2008-02-05,severity,normal,blocker
JSDT-343209,nitind,2011-04-19,severity,normal,minor
PLATFORM-25558,nick_edgar,2002-11-08,severity,normal,major
MYLYN-302527,steffen.pingel,2010-02-18,severity,normal,minor
PLATFORM-7101,hudsonr,2002-11-11,severity,enhancement,critical
PLATFORM-7101,snorthov,2003-01-23,severity,critical,normal
PLATFORM-7101,hudsonr,2003-04-21,severity,normal,major
PLATFORM-16623,nick_edgar,2002-05-23,severity,minor,critical
CDT-508319,jonah,2017-01-03,severity,major,critical
EPP-340462,mknauer,2011-03-19,severity,normal,critical
BIRT-120306,wchen,2005-12-15,severity,normal,major
Z_ARCHIVED-80523,nevicosi,2004-12-20,severity,normal,major
PTP-278103,jeffreyoverbey,2009-05-27,severity,normal,blocker
Z_ARCHIVED-191731,jkubasta,2007-06-13,severity,normal,critical
GMF-RUNTIME-128968,steveshaw,2006-03-09,severity,enhancement,normal
EPF-261491,bxu,2009-01-19,severity,major,normal
EPF-261491,juha.jaaskinen,2009-08-17,severity,normal,major
COMMUNITY-463793,daniel_megert,2015-04-02,severity,normal,blocker
COMMUNITY-463793,denis.roy,2015-04-02,severity,blocker,normal
WTP_EJB_TOOLS-244163,dimitar.giormov,2008-08-14,severity,normal,minor
GMF-RUNTIME-234679,ahunter.eclipse,2008-05-29,severity,minor,normal
JDT-329614,daniel_megert,2010-11-08,severity,normal,minor
JDT-329614,markus.kell.r,2010-11-11,severity,minor,normal
WTP_SERVERTOOLS-98609,tyip,2005-06-06,severity,blocker,normal
WTP_COMMON_TOOLS-152587,jlanuti,2006-08-04,severity,normal,major
Z_ARCHIVED-135534,dmorris,2006-05-04,severity,major,normal
Z_ARCHIVED-360348,jinfahua,2011-11-09,severity,critical,normal
JUBULA-409833,alexandra.schladebeck,2013-06-07,severity,normal,blocker
PLATFORM-21717,nick_edgar,2002-07-22,severity,normal,critical
BIRT-189591,bshen,2007-05-29,severity,normal,critical
Z_ARCHIVED-169868,tbuss,2007-01-11,severity,normal,trivial
COMMUNITY-497969,loskutov,2016-07-15,severity,critical,blocker
JDT-18419,erich_gamma,2002-05-31,severity,normal,major
WTP_COMMON_TOOLS-250738,kaloyan,2008-10-15,severity,major,normal
Z_ARCHIVED-135124,srinivas.p.doddapaneni,2006-04-10,severity,critical,major
Z_ARCHIVED-109805,ling.yao,2005-11-01,severity,blocker,major
JDT-14592,olivier_thomann,2002-04-25,severity,normal,minor
EPP-312527,mknauer,2010-05-12,severity,blocker,critical
PDT-197581,assaf.almaz,2008-03-21,severity,normal,major
PDT-197581,alon,2008-03-23,severity,major,normal
PLATFORM-36910,dlwhiteman,2003-04-25,severity,critical,blocker
Z_ARCHIVED-151303,ewchan,2006-11-27,severity,enhancement,major
PLATFORM-298805,irbull,2010-01-11,severity,normal,critical
BIRT-119804,lchen,2005-12-15,severity,normal,major
EGIT-455812,loskutov,2014-12-20,severity,normal,major
COMMUNITY-431416,matthias.sohn,2014-03-27,severity,normal,critical
PDE-31312,tod_creasey,2003-02-07,severity,normal,major
CDT-256775,aleherb+eclipse,2008-11-27,severity,normal,trivial
PDE-94751,douglas.pollock,2005-05-11,severity,normal,major
COMMUNITY-521017,lufimtse,2017-08-16,severity,normal,major
BIRT-132713,mahag,2006-03-22,severity,normal,critical
WTP_COMMON_TOOLS-116666,joan,2005-11-16,severity,normal,critical
Z_ARCHIVED-178141,mmings,2007-04-11,severity,major,blocker
EPF-156280,jruehlin,2006-09-06,severity,minor,normal
WTP_JAVA_EE_TOOLS-119742,jlanuti,2006-02-03,severity,major,critical
PLATFORM-469052,daniel_megert,2015-06-02,severity,normal,minor
COMMUNITY-172849,daniel_megert,2007-02-05,severity,major,blocker
JDT-20544,kai-uwe_maetzel,2002-09-04,severity,normal,enhancement
JDT-20544,hudsonr,2003-10-15,severity,enhancement,normal
JDT-20544,daniel_megert,2003-10-16,severity,normal,minor
Z_ARCHIVED-167505,linh,2006-12-12,severity,major,critical
WTP_JAVA_EE_TOOLS-162441,jsholl,2006-11-20,severity,normal,major
WTP_JAVA_EE_TOOLS-96741,cbridgha,2005-06-09,severity,major,normal
VIRGO-384791,gnormington,2012-07-11,severity,normal,major
MYLYN-185351,mik.kersten,2007-05-04,severity,normal,minor
CDT-102216,cwiebe,2005-06-29,severity,normal,critical
MYLYN-282445,hiroyuki.inaba,2009-07-04,severity,normal,minor
ORION-345898,tomasz.zarna,2011-07-21,severity,normal,minor
PLATFORM-81759,dirk_baeumer,2004-12-22,severity,major,critical
TMF-375230,sebastian.zarnekow,2012-03-24,severity,normal,major
PDT-495160,zulus,2017-06-29,severity,major,critical
PLATFORM-205700,lasse.knudsen,2007-10-08,severity,major,critical
JDT-316756,daniel_megert,2010-06-14,severity,normal,minor
TARGET_MANAGEMENT-198114,mober.at+eclipse,2007-07-27,severity,normal,critical
RECOMMENDERS-465520,marcel.bruch,2015-04-27,severity,normal,major
COMMUNITY-434586,mknauer,2014-05-11,severity,normal,critical
COMMUNITY-434586,mknauer,2014-05-11,severity,critical,blocker
COMMUNITY-434586,mknauer,2014-05-12,severity,blocker,normal
EQUINOX-314343,markus.kell.r,2010-06-28,severity,normal,major
MYLYN-187550,mik.kersten,2007-05-17,severity,normal,minor
TMF-392708,sebastian.zarnekow,2012-10-26,severity,critical,normal
JDT-55867,tmader,2004-03-24,severity,normal,major
JDT-55867,daniel_megert,2004-03-24,severity,major,blocker
COMMUNITY-109221,bjorn.freeman-benson,2006-02-28,severity,enhancement,major
Z_ARCHIVED-256979,ewchan,2008-11-30,severity,normal,blocker
EFXCLIPSE-436781,tom.schindl,2014-06-06,severity,normal,major
PLATFORM-56822,jptoomey,2004-03-31,severity,blocker,major
WTP_JAVA_EE_TOOLS-160718,david_williams,2006-10-17,severity,critical,major
RTSC-280867,d-russo,2014-02-19,severity,normal,major
PLATFORM-32396,kevin_mcguire,2003-02-20,severity,normal,major
PLATFORM-456909,konstantin,2015-04-10,severity,normal,major
SIRIUS-526222,pierre-charles.david,2017-12-29,severity,normal,minor
PLATFORM-180821,john.arthorne,2007-04-04,severity,blocker,critical
EQUINOX-121745,nick_edgar,2005-12-21,severity,normal,blocker
WTP_JAVA_EE_TOOLS-152797,jsholl,2006-08-08,severity,normal,critical
PLATFORM-258799,markus.kell.r,2009-01-14,severity,normal,major
COMMUNITY-325772,eclipse,2010-09-20,severity,major,blocker
EPP-340698,mknauer,2011-05-06,severity,major,normal
Z_ARCHIVED-184845,paulslau,2007-05-10,severity,normal,major
Z_ARCHIVED-161163,ruthdaly,2006-10-20,severity,normal,critical
M2E-WTP-382485,fbricon,2012-06-13,severity,normal,minor
MYLYN_REVIEWS-338125,steffen.pingel,2011-02-24,severity,normal,trivial
PLATFORM-28090,daniel_megert,2002-12-11,severity,critical,blocker
PLATFORM-28090,daniel_megert,2002-12-12,severity,blocker,critical
TARGET_MANAGEMENT-236875,mober.at+eclipse,2008-06-24,severity,normal,trivial
MYLYN-166022,mik.kersten,2006-11-28,severity,normal,minor
Z_ARCHIVED-360602,chenzhh,2011-11-10,severity,normal,major
BIRT-190549,cdeadmin,2007-06-05,severity,minor,major
PLATFORM-54173,daniel_megert,2004-03-12,severity,blocker,major
ECLIPSELINK-308227,shaun.smith,2010-04-06,severity,normal,major
SKALLI-356466,michael.ochmann,2011-09-06,severity,normal,major
GEF-241654,hudsonr,2008-07-28,severity,normal,minor
Z_ARCHIVED-357977,svihovec,2011-09-16,severity,normal,major
COMMUNITY-382192,david_williams,2012-06-10,severity,normal,blocker
Z_ARCHIVED-181351,ledunnel,2007-04-06,severity,normal,major
MYLYN-237715,mik.kersten,2008-06-30,severity,trivial,minor
Z_ARCHIVED-143574,sleeloy,2006-05-31,severity,normal,major
PLATFORM-333981,jeffmcaffer,2011-01-12,severity,normal,critical
WEB_TOOLS-206906,kathy,2008-05-23,severity,minor,normal
ASPECTJ-269286,aclement,2009-03-27,severity,normal,major
PLATFORM-406368,david_williams,2014-08-14,severity,minor,normal
DATA_TOOLS-130377,kitlo,2006-03-27,severity,normal,major
Z_ARCHIVED-359379,pfyu,2011-09-29,severity,normal,blocker
Z_ARCHIVED-359379,pfyu,2011-09-29,severity,blocker,critical
PLATFORM-232533,cdeadmin,2008-05-19,severity,minor,major
Z_ARCHIVED-384695,yuhaodl,2012-07-10,severity,normal,major
Z_ARCHIVED-384695,yuhaodl,2012-07-10,severity,major,normal
JDT-47961,daniel_megert,2004-01-06,severity,normal,minor
WTP_JAVA_EE_TOOLS-120428,lbustelo,2005-12-12,severity,normal,major
WTP_JAVA_EE_TOOLS-120428,cbridgha,2005-12-14,severity,major,critical
Z_ARCHIVED-59222,fuse,2004-04-21,severity,normal,major
PLATFORM-33944,nick_edgar,2003-03-06,severity,major,critical
ECLIPSELINK-341709,tom.ware,2011-04-28,severity,normal,enhancement
ECLIPSELINK-341709,tom.ware,2011-04-28,severity,enhancement,normal
Z_ARCHIVED-359387,pfyu,2011-09-29,severity,normal,blocker
Z_ARCHIVED-359387,pfyu,2011-09-29,severity,blocker,critical
JDT-220693,daniel_megert,2008-02-28,severity,normal,trivial
PLATFORM-52982,valentam,2004-02-27,severity,normal,critical
Z_ARCHIVED-163699,guru.nagarajan,2006-11-08,severity,normal,blocker
Z_ARCHIVED-163699,guru.nagarajan,2006-11-08,severity,blocker,major
CDT-491834,eclipse.sprigogin,2016-04-15,severity,normal,major
Z_ARCHIVED-236152,apnan,2008-06-06,severity,normal,critical
SIRIUS-467813,pierre-charles.david,2015-05-21,severity,normal,major
JDT-51290,daniel_megert,2004-05-25,severity,normal,minor
TARGET_MANAGEMENT-160353,mober.at+eclipse,2006-10-10,severity,normal,major
TARGET_MANAGEMENT-160353,dmcknigh,2006-10-17,severity,major,normal
EPF-241325,noster,2008-07-17,severity,normal,major
EPF-184572,bxu,2007-04-28,severity,major,critical
Z_ARCHIVED-216080,paulslau,2008-01-22,severity,enhancement,normal
MYLYN-193998,ekuleshov,2007-06-22,severity,normal,blocker
Z_ARCHIVED-119492,walkerp,2005-12-07,severity,major,normal
Z_ARCHIVED-187090,jkubasta,2007-06-05,severity,major,critical
Z_ARCHIVED-187090,guru.nagarajan,2007-06-07,severity,critical,blocker
BIRT-390540,zimmermann.tho,2012-09-27,severity,normal,major
PDT-258312,nir.c,2008-12-11,severity,normal,critical
PDT-258312,ganoro,2008-12-11,severity,critical,normal
GMF-RUNTIME-143007,steveshaw,2006-05-23,severity,normal,major
WTP_SERVERTOOLS-151403,kathy,2006-07-21,severity,major,critical
PLATFORM-41532,daniel_megert,2003-08-14,severity,major,critical
DATA_TOOLS-307819,scheung,2010-04-02,severity,normal,major
Z_ARCHIVED-356667,greer,2011-09-03,severity,normal,major
EQUINOX-249035,andrew.niefer,2008-11-05,severity,normal,major
PLATFORM-75318,donp,2004-09-29,severity,major,normal
PAPYRUS-440276,rschnekenburger,2014-08-05,severity,normal,major
ACCELEO-467805,cedric.brun,2015-05-21,severity,major,critical
PLATFORM-56264,dejan,2004-03-26,severity,normal,blocker
PLATFORM-56264,dejan,2004-03-26,severity,blocker,major
EQUINOX-269468,richard.gronback,2009-03-20,severity,normal,blocker
ASPECTJ-206911,jcaplan,2007-10-19,severity,normal,critical
TARGET_MANAGEMENT-176484,mober.at+eclipse,2007-03-07,severity,normal,minor
PLATFORM-288251,daniel_megert,2009-09-15,severity,normal,trivial
PLATFORM-179210,philippe_mulet,2007-05-22,severity,normal,critical
TMF-466662,sebastian.zarnekow,2015-05-07,severity,normal,critical
TARGET_MANAGEMENT-228743,mober.at+eclipse,2010-11-25,severity,normal,major
PLATFORM-91464,daniel_megert,2005-04-15,severity,normal,major
Z_ARCHIVED-245236,bjorn.freeman-benson,2008-08-26,severity,normal,blocker
PLATFORM-61581,sxenos,2004-05-10,severity,normal,major
BIRT-184161,xwang,2007-04-26,severity,major,critical
JDT-520346,loskutov,2017-12-02,severity,normal,major
Z_ARCHIVED-95428,jptoomey,2006-05-15,severity,normal,major
JDT-258059,daniel_megert,2008-12-09,severity,normal,minor
MYLYN_BUILDS-327712,steffen.pingel,2010-10-26,severity,normal,minor
ECP-432622,jhelming,2014-04-14,severity,major,blocker
EQUINOX-55744,jeffmcaffer,2004-03-24,severity,blocker,normal
WTP_COMMON_TOOLS-129977,nagrawal,2006-03-15,severity,normal,major
PLATFORM-14730,nick_edgar,2002-04-26,severity,normal,critical
JDT-256869,daniel_megert,2009-06-03,severity,normal,enhancement
JDT-256869,daniel_megert,2009-06-03,severity,enhancement,normal
ECP-494967,jhelming,2016-05-30,severity,normal,major
WTP_WEBSERVICES-237298,kathy,2008-06-16,severity,normal,major
WTP_JAVA_EE_TOOLS-299598,ccc,2010-01-14,severity,enhancement,major
WTP_JAVA_EE_TOOLS-380963,neil.hauge,2012-05-29,severity,normal,major
JAVA_SERVER_FACES-307165,dimo.stoilov,2010-03-26,severity,normal,major
JAVA_SERVER_FACES-307165,dimo.stoilov,2010-03-26,severity,major,critical
PLATFORM-262925,mike_wilson,2009-01-29,severity,normal,minor
Z_ARCHIVED-86905,walkerp,2005-03-01,severity,normal,major
MYLYN-178721,mik.kersten,2007-03-22,severity,normal,minor
MYLYN_TASKS-367861,steffen.pingel,2012-02-01,severity,normal,minor
CDT-69526,john.camelon,2004-08-06,severity,normal,major
CDT-69526,john.camelon,2004-08-13,severity,major,normal
CDT-178731,jensseidel,2009-07-28,severity,enhancement,normal
EGIT-381338,markus.kell.r,2012-06-05,severity,minor,major
PLATFORM-15614,nick_edgar,2002-05-09,severity,normal,critical
BIRT-116981,wyan,2005-12-14,severity,normal,trivial
BIRT-116981,wenfeng.fwd,2006-02-03,severity,trivial,normal
PLATFORM-134077,sonia_dimitrov,2006-03-30,severity,normal,major
Z_ARCHIVED-103181,mddunn,2006-02-17,severity,normal,major
BIRT-105269,wenfeng.fwd,2005-10-06,severity,normal,critical
BIRT-105269,qwang,2005-11-29,severity,critical,normal
LSP4E-516960,mistria,2018-03-19,severity,enhancement,normal
TARGET_MANAGEMENT-193380,mober.at+eclipse,2007-06-26,severity,major,normal
WTP_SOURCE_EDITING-515474,vrubezhny,2017-04-19,severity,normal,critical
PLATFORM-131906,markus.kell.r,2006-03-15,severity,major,normal
JDT-6457,dirk_baeumer,2002-01-10,severity,normal,major
EGIT-322732,caniszczyk,2010-08-17,severity,normal,major
STEM-191554,webdaford,2007-06-12,severity,enhancement,normal
COMMUNITY-530390,mistria,2018-01-31,severity,enhancement,blocker
MDT.RMF-381264,michael,2012-06-14,severity,normal,major
WTP_JAVA_EE_TOOLS-119250,jlanuti,2005-12-08,severity,critical,major
DATA_TOOLS-220327,hui.cao,2008-02-27,severity,blocker,major
PLATFORM-368438,pwebster,2014-07-17,severity,critical,major
WTP_JAVA_EE_TOOLS-315438,david_williams,2010-06-02,severity,normal,major
WTP_COMMON_TOOLS-187451,konstantin,2007-06-07,severity,major,normal
MYLYN-277040,steffen.pingel,2009-05-19,severity,normal,blocker
Z_ARCHIVED-281729,kathy,2009-06-29,severity,normal,major
WINDOWBUILDER-366824,gekonwi,2011-12-15,severity,critical,minor
JDT-27512,hudsonr,2002-12-02,severity,normal,major
WTP_SOURCE_EDITING-130402,cameron.bateman,2006-03-03,severity,normal,blocker
JSDT-421115,ccc,2013-11-05,severity,normal,blocker
LYO-386697,fiedler.mf,2012-08-06,severity,normal,major
Z_ARCHIVED-88508,ruthdaly,2005-03-21,severity,normal,major
Z_ARCHIVED-88508,antony.miguel,2005-03-24,severity,major,normal
WTP_JAVA_EE_TOOLS-143229,jlanuti,2006-06-05,severity,major,critical
WINDOWBUILDER-363627,clayberg,2011-11-11,severity,major,normal
MYLYN_TASKS-357541,steffen.pingel,2011-09-14,severity,normal,minor
PAPYRUS-527000,vincent.lorenzo,2017-11-09,severity,blocker,minor
BIRT-87439,thierry.lach,2005-03-30,severity,minor,normal
Z_ARCHIVED-361568,carrollk,2011-10-20,severity,normal,major
LYO-460377,samuel.padgett,2015-02-19,severity,normal,major
MYLYN_REVIEWS-435438,sam.davis,2014-05-21,severity,normal,minor
JUBULA-346100,alexandra.schladebeck,2011-05-20,severity,normal,critical
MYLYN_CONTEXT_MFT-357755,steffen.pingel,2011-09-15,severity,normal,critical
JDT-27114,akiezun,2002-11-25,severity,normal,major
JAVA_SERVER_FACES-214888,xiaonan_jiang,2008-03-11,severity,major,critical
ORION-388479,john.arthorne,2012-08-30,severity,normal,major
MYLYN-206526,mik.kersten,2007-10-16,severity,normal,minor
PLATFORM-64005,debbie_wilson,2004-05-26,severity,enhancement,normal
COMMUNITY-528319,niraj.modi,2017-12-22,severity,normal,blocker
PLATFORM-18469,nick_edgar,2002-05-31,severity,normal,major
PLATFORM-178097,daniel_megert,2007-03-19,severity,normal,major
WTP_WEBSITE-80354,eclipse,2004-12-07,severity,critical,major
MYLYN_TASKS-452674,sam.davis,2016-06-16,severity,normal,major
MYLYN_DOCS-464311,david.green,2015-05-12,severity,normal,trivial
PLATFORM-11883,john.arthorne,2002-03-20,severity,normal,critical
WTP_WEBSERVICES-286859,zina,2009-08-17,severity,normal,major
EMF-258738,vroldanbet,2009-03-30,severity,normal,minor
TMF-356715,knut.wannheden,2011-09-06,severity,normal,major
TMF-356715,sven.efftinge,2012-11-23,severity,major,normal
WTP_WEBSERVICES-333827,david_williams,2011-02-26,severity,normal,minor
JDT-16732,akiezun,2002-05-23,severity,normal,major
WTP_SOURCE_EDITING-118367,lmandel,2005-11-29,severity,normal,major
OOMPH-507503,mike,2016-11-14,severity,critical,blocker
EQUINOX-145504,pascal,2006-06-08,severity,blocker,major
CDT-46475,johan.walles,2003-11-26,severity,major,normal
MYLYN_TASKS-332245,steffen.pingel,2011-01-07,severity,normal,trivial
MYLYN_TASKS-362314,steffen.pingel,2011-10-28,severity,normal,major
MYLYN_TASKS-362314,steffen.pingel,2011-11-06,severity,major,minor
Z_ARCHIVED-363750,mayunf,2011-11-16,severity,major,normal
GMF-RUNTIME-135545,vramaswa,2006-04-07,severity,normal,major
LDT-439995,sbernard,2014-07-21,severity,normal,major
MYLYN_COMMONS-470417,sam.davis,2015-06-22,severity,normal,minor
PLATFORM-253056,eclipse,2009-04-15,severity,normal,major
WTP_WEBSERVICES-120014,kathy,2005-12-08,severity,critical,blocker
TMF-425166,matthieu.wipliez,2014-01-09,severity,major,blocker
JETTY-368215,janb,2012-01-10,severity,normal,minor
EQUINOX-265725,pascal,2009-02-20,severity,major,normal
WTP_SERVERTOOLS-388450,sghung,2012-08-30,severity,normal,major
WTP_SERVERTOOLS-388450,ccc,2012-08-30,severity,major,blocker
ORION-433709,mamacdon,2014-04-28,severity,blocker,critical
TARGET_MANAGEMENT-160818,mober.at+eclipse,2006-10-14,severity,minor,major
WTP_SERVERTOOLS-98098,gorkem.ercan,2005-06-26,severity,normal,major
GEF-71606,ppshah,2004-08-06,severity,normal,major
Z_ARCHIVED-193589,smith,2007-06-20,severity,normal,critical
PAPYRUS-364146,sebastien.gerard,2013-06-12,severity,major,normal
PLATFORM-421127,daniel_megert,2014-01-22,severity,critical,blocker
PLATFORM-421127,arunkumar.thondapu,2014-03-04,severity,blocker,critical
MYLYN-211297,steffen.pingel,2007-11-28,severity,normal,enhancement
MYLYN-211297,mik.kersten,2007-11-28,severity,enhancement,minor
WTP_SERVERTOOLS-286699,stryker,2009-10-29,severity,blocker,normal
PLATFORM-126508,mdelder,2006-02-06,severity,normal,critical
WTP_COMMON_TOOLS-132569,bdmetz,2006-03-20,severity,major,normal
JDT-30706,dirk_baeumer,2003-01-31,severity,normal,critical
JDT-30706,dirk_baeumer,2003-01-31,severity,critical,major
PLATFORM-317976,frederic_fusier,2010-06-25,severity,normal,major
Z_ARCHIVED-85630,curtispd,2005-02-18,severity,normal,major
JDT-194806,daniel_megert,2007-06-29,severity,normal,minor
DALI_JPA_TOOLS-245573,david_williams,2008-09-12,severity,critical,major
PTP-246912,recoskie,2008-09-17,severity,normal,major
JDT-298934,daniel_megert,2010-04-08,severity,normal,minor
PLATFORM-205817,tomasz.zarna,2007-11-12,severity,normal,minor
Z_ARCHIVED-187106,ewchan,2007-05-15,severity,normal,major
PLATFORM-16273,nick_edgar,2002-05-17,severity,normal,major
PLATFORM-54915,nick_edgar,2004-03-15,severity,normal,major
COMMUNITY-316880,zteve.powell,2010-06-15,severity,critical,blocker
WTP_COMMON_TOOLS-260902,karasiuk,2009-01-13,severity,major,normal
JDT-73400,daniel_megert,2004-09-08,severity,normal,major
JDT-73400,daniel_megert,2004-09-22,severity,major,normal
ECLIPSELINK-366397,stephen.dimilla,2011-12-12,severity,normal,blocker
MYLYN-275102,steffen.pingel,2009-08-12,severity,normal,trivial
PDE-225047,benjamin.cabe,2008-05-02,severity,normal,major
WTP_WEBSERVICES-181007,kathy,2007-04-04,severity,normal,major
WTP_WEBSERVICES-181007,jlanuti,2007-04-04,severity,major,normal
DALI_JPA_TOOLS-257406,neil.hauge,2008-12-10,severity,normal,major
BIRT-134657,swang,2006-04-03,severity,normal,major
PLATFORM-55821,tmader,2004-03-24,severity,normal,major
PLATFORM-14909,birsan,2002-05-01,severity,normal,major
BIRT-155493,bluesoldier,2006-08-29,severity,normal,major
BIRT-278750,lzhu,2009-06-02,severity,normal,critical
Z_ARCHIVED-375512,svihovec,2012-03-29,severity,normal,major
WTP_JAVA_EE_TOOLS-114829,sengpl,2005-11-02,severity,major,normal
MYLYN-233590,steffen.pingel,2008-08-12,severity,normal,minor
MYLYN-284500,steffen.pingel,2009-08-13,severity,normal,minor
PDE-432399,pwebster,2014-04-09,severity,major,normal
M2E-481153,fbricon,2015-10-30,severity,normal,minor
WTP_COMMON_TOOLS-209626,cbridgha,2007-11-14,severity,major,critical
Z_ARCHIVED-129228,bjiang,2007-06-04,severity,minor,major
OSEE-282173,ryan.d.brooks,2009-07-01,severity,normal,minor
Z_ARCHIVED-202983,rohit.shetty,2007-09-11,severity,normal,major
PDE-75107,xenotica,2004-09-27,severity,normal,major
PLATFORM-391127,daniel_megert,2012-11-01,severity,normal,major
JDT-43338,martinae,2003-10-06,severity,normal,major
WINDOWBUILDER-520992,clayberg,2017-08-15,severity,critical,normal
ECP-428470,jhelming,2014-04-14,severity,normal,blocker
JETTY-478247,janb,2015-09-23,severity,normal,major
PLATFORM-56286,nick_edgar,2004-03-26,severity,normal,major
PLATFORM-16852,nick_edgar,2002-05-27,severity,normal,critical
Z_ARCHIVED-147730,amehrega,2006-06-19,severity,normal,critical
Z_ARCHIVED-147730,suwanda,2006-06-19,severity,critical,major
Z_ARCHIVED-147730,jptoomey,2006-09-18,severity,major,critical
Z_ARCHIVED-147730,karla.callaghan,2006-09-22,severity,critical,blocker
DATA_TOOLS-231965,ledunnel,2008-05-13,severity,normal,major
WTP_SOURCE_EDITING-102495,david_williams,2006-06-07,severity,normal,major
EPSILON-414766,gaetan.pruvost,2013-08-09,severity,major,blocker
ORION-346290,szymon.brandys,2011-05-19,severity,normal,major
PLATFORM-18738,nick_edgar,2002-06-03,severity,normal,minor
PLATFORM-18738,nick_edgar,2002-06-05,severity,minor,major
WTP_WEBSERVICES-117073,kathy,2005-11-23,severity,critical,major
Z_ARCHIVED-111358,scott.schneider,2005-11-06,severity,minor,trivial
Z_ARCHIVED-75073,sylvain.duguet,2004-09-27,severity,normal,blocker
Z_ARCHIVED-75073,curtispd,2004-09-27,severity,blocker,normal
Z_ARCHIVED-75073,ewchan,2004-09-27,severity,normal,blocker
JDT-47980,nikolaymetchev,2003-12-03,severity,normal,major
BIRT-110278,slee,2005-09-21,severity,normal,critical
BIRT-110278,slee,2005-09-22,severity,critical,normal
MYLYN-154412,delmyers.cs,2006-08-18,severity,normal,major
WEB_TOOLS-202820,rstheo,2007-09-18,severity,major,critical
JAVA_SERVER_FACES-337656,david_williams,2011-03-03,severity,normal,blocker
JDT-23585,akiezun,2002-09-17,severity,critical,normal
Z_ARCHIVED-49984,paulslau,2004-01-14,severity,blocker,critical
TCF-466695,patrice.guillemot,2015-05-19,severity,major,critical
GEF-229483,hudsonr,2008-05-08,severity,normal,minor
EQUINOX-225050,john.arthorne,2008-04-01,severity,normal,major
JSDT-361606,nitind,2011-10-21,severity,major,blocker
Z_ARCHIVED-65922,rduggan,2004-07-13,severity,normal,major
GMF-RUNTIME-132219,tikhomirov.artem,2006-03-17,severity,normal,major
PAPYRUS-497320,mauricio.alferez,2016-07-06,severity,normal,critical
Z_ARCHIVED-219839,paulslau,2008-02-21,severity,blocker,critical
GEF-40432,hudsonr,2003-10-20,severity,enhancement,normal
WTP_SOURCE_EDITING-234954,cdeadmin,2008-06-03,severity,minor,major
WTP_SOURCE_EDITING-145697,csalter,2006-06-07,severity,normal,major
XTEND-387787,sven.efftinge,2012-11-09,severity,normal,major
Z_ARCHIVED-184236,mmings,2007-04-26,severity,normal,major
JAVA_SERVER_FACES-473313,samuelwu,2015-07-26,severity,normal,critical
PAPYRUS-435352,ansgar.radermacher,2014-07-03,severity,normal,major
PAPYRUS-435352,ansgar.radermacher,2015-03-20,severity,major,critical
WTP_JAVA_EE_TOOLS-494563,ccc,2016-05-25,severity,normal,blocker
TARGET_MANAGEMENT-167620,valentam,2007-05-01,severity,normal,major
WTP_JAVA_EE_TOOLS-174648,david_williams,2007-02-20,severity,blocker,major
MYLYN-299546,steffen.pingel,2010-01-18,severity,normal,minor
BIRT-178714,bshen,2007-03-21,severity,critical,major
EQUINOX-242346,helmut.haigermoser,2008-07-29,severity,normal,major
WTP_WEBSERVICES-182864,cbrealey,2007-04-18,severity,normal,major
ASPECTJ-382189,stefan.ocke,2012-06-10,severity,major,normal
PLATFORM-89420,ppshah,2005-03-29,severity,major,minor
MYLYN-308703,steffen.pingel,2010-04-09,severity,normal,minor
JUBULA-410317,markus.tiede,2013-06-14,severity,major,blocker
Z_ARCHIVED-93875,smith,2005-05-06,severity,normal,major
JDT-334978,markus.kell.r,2011-01-21,severity,enhancement,minor
WTP_SOURCE_EDITING-157526,david_williams,2006-09-15,severity,normal,major
MYLYN_TASKS-330277,steffen.pingel,2010-11-20,severity,normal,trivial
Z_ARCHIVED-126254,scott.schneider,2006-03-14,severity,enhancement,major
Z_ARCHIVED-66546,curtispd,2004-06-10,severity,enhancement,normal
EPF-151786,bxu,2006-07-25,severity,normal,major
PLATFORM-16738,nick_edgar,2002-05-24,severity,normal,critical
BIRT-187471,bshen,2007-05-17,severity,normal,critical
BIRT-187471,bshen,2007-05-17,severity,critical,blocker
Z_ARCHIVED-219785,dlwhiteman,2008-02-21,severity,normal,major
MYLYN-189689,mik.kersten,2007-05-30,severity,normal,enhancement
MYLYN-189689,steffen.pingel,2007-09-21,severity,enhancement,major
EQUINOX-305810,steffen.pingel,2010-03-14,severity,normal,major
CDT-60491,jciesiel,2004-05-05,severity,normal,major
JUBULA-432216,achim.loerke,2014-04-08,severity,major,blocker
EQUINOX-286503,dimo.stoilov,2009-10-13,severity,normal,major
PLATFORM-15967,nick_edgar,2002-05-14,severity,normal,critical
SAPPHIRE-359149,shenxue.zhou,2011-09-27,severity,normal,major
WTP_RELENG-499650,mistria,2016-08-19,severity,major,blocker
TARGET_MANAGEMENT-142062,mober.at+eclipse,2006-05-17,severity,normal,critical
ASPECTJ-344326,aclement,2011-05-03,severity,normal,major
TMF-435627,sebastian.zarnekow,2015-02-24,severity,normal,critical
TMF-435627,sven.efftinge,2015-03-03,severity,critical,normal
Z_ARCHIVED-86262,ruthdaly,2005-03-10,severity,normal,blocker
PLATFORM-12371,kevin_mcguire,2002-03-27,severity,normal,minor
BIRT-145679,shu,2006-06-06,severity,normal,blocker
PLATFORM-316514,ndsilva,2010-06-10,severity,normal,major
Z_ARCHIVED-161730,guru.nagarajan,2006-10-23,severity,normal,critical
Z_ARCHIVED-239285,paulslau,2008-07-02,severity,normal,critical
COMMUNITY-401964,david_williams,2013-02-28,severity,normal,blocker
MDT-253538,kenn.hussey,2009-03-18,severity,normal,blocker
PLATFORM-8089,dirk_baeumer,2002-01-23,severity,normal,critical
SIRIUS-442136,laurent.redor,2014-08-21,severity,normal,major
EDAPT-458813,mkoegel,2015-02-05,severity,normal,minor
JUBULA-470386,marcel.hein,2015-06-19,severity,normal,blocker
JUBULA-470386,marcel.hein,2015-06-19,severity,blocker,normal
WTP_JAVA_EE_TOOLS-241466,stryker,2008-10-08,severity,normal,major
WTP_JAVA_EE_TOOLS-241466,kaloyan,2008-11-10,severity,major,critical
WTP_JAVA_EE_TOOLS-241466,dimitar.giormov,2008-11-13,severity,critical,major
WTP_JAVA_EE_TOOLS-298475,kaloyan,2010-01-25,severity,normal,major
MYLYN_REVIEWS-415278,tomasz.zarna,2013-08-20,severity,normal,minor
BIRT-87803,ed.burnette,2005-03-11,severity,major,blocker
BIRT-87803,ed.burnette,2005-03-11,severity,blocker,normal
WTP_SERVERTOOLS-130596,deboer,2006-03-06,severity,major,normal
WEB_TOOLS-284935,cgold,2010-01-18,severity,normal,major
PDE-56243,cherie.wong,2004-03-25,severity,minor,normal
JDT-14702,erich_gamma,2002-06-12,severity,blocker,critical
PLATFORM-279933,tomasz.zarna,2009-07-09,severity,normal,trivial
TMF-481579,sebastian.zarnekow,2015-11-06,severity,normal,critical
ECLIPSELINK-214261,michael.f.obrien,2008-06-06,severity,minor,major
CDT-527369,leonjeppesen,2017-11-16,severity,normal,major
PLATFORM-246057,luis.alvarez,2008-09-03,severity,normal,blocker
BIRT-138294,dliang,2006-04-24,severity,normal,blocker
PLATFORM-132961,ccheng,2006-03-30,severity,normal,major
PLATFORM-132961,ccheng,2006-03-31,severity,major,normal
Z_ARCHIVED-129398,tranb,2006-04-05,severity,blocker,critical
Z_ARCHIVED-129398,duncan,2006-05-05,severity,critical,major
WTP_RELENG-119273,david_williams,2006-06-15,severity,major,normal
WTP_COMMON_TOOLS-276181,konstantin,2009-05-13,severity,minor,major
WTP_COMMON_TOOLS-276181,valentinbaciu,2009-05-14,severity,major,enhancement
WTP_COMMON_TOOLS-276181,konstantin,2009-05-15,severity,enhancement,major
EQUINOX-262692,gheorghe,2009-01-28,severity,normal,major
JUBULA-345577,achim.loerke,2011-08-30,severity,major,critical
BIRT-253856,wlin,2008-11-04,severity,normal,major
PLATFORM-522210,karsten.thoms,2017-09-12,severity,normal,trivial
BABEL-373204,ramat,2015-06-13,severity,normal,major
COMMUNITY-147680,webmaster,2006-06-19,severity,normal,critical
MYLYN_REVIEWS_R4E-347176,alvsan09,2011-05-25,severity,major,normal
PDE-16114,dejan,2002-06-13,severity,normal,major
PDE-16114,dejan,2002-06-13,severity,major,critical
Z_ARCHIVED-153024,bjiang,2006-08-11,severity,normal,major
Z_ARCHIVED-153024,bjiang,2006-08-14,severity,major,critical
Z_ARCHIVED-198433,dlwhiteman,2008-04-01,severity,enhancement,normal
PLATFORM-40391,eclipse,2003-07-18,severity,normal,minor
WTP_SOURCE_EDITING-398460,nitind,2013-01-17,severity,normal,major
XTEND-403180,sebastian.zarnekow,2013-03-13,severity,normal,critical
XTEND-403180,sebastian.zarnekow,2013-03-18,severity,critical,normal
PLATFORM-57410,wassim.melhem,2004-04-04,severity,normal,critical
PLATFORM-377472,daniel_megert,2012-04-25,severity,normal,major
Z_ARCHIVED-94329,paulslau,2005-05-17,severity,normal,minor
ACCELEO-259980,sbouchet,2009-04-21,severity,normal,major
JSDT-362916,ccc,2011-11-04,severity,normal,blocker
MYLYN-303431,steffen.pingel,2010-02-21,severity,enhancement,trivial
PDE-273115,caniszczyk,2009-04-21,severity,normal,major
PLATFORM-27190,csmclaren,2002-11-28,severity,normal,major
PLATFORM-27190,csmclaren,2003-02-12,severity,major,normal
PLATFORM-27190,andre_weinand,2003-08-01,severity,normal,major
WTP_JAVA_EE_TOOLS-111516,cbridgha,2005-11-15,severity,major,critical
PAPYRUS-328461,cletavernier,2012-08-23,severity,critical,minor
Z_ARCHIVED-116319,gmendel,2005-11-14,severity,normal,critical
PLATFORM-16749,rodrigo,2002-05-23,severity,normal,major
PLATFORM-378444,ob1.eclipse,2012-05-15,severity,critical,major
PLATFORM-56184,christophe.cornu+eclipse,2005-01-07,severity,normal,critical
OOMPH-470900,cbridgha,2015-06-24,severity,normal,critical
OOMPH-470900,ed.merks,2015-06-25,severity,critical,major
PLATFORM-54963,nick_edgar,2004-03-16,severity,normal,blocker
EQUINOX-58195,nick_edgar,2004-04-13,severity,normal,major
PDE-82302,jeffmcaffer,2005-06-22,severity,critical,normal
PLATFORM-108331,billy.biggs,2005-08-29,severity,normal,major
PLATFORM-106334,dejan,2005-08-19,severity,normal,major
PLATFORM-106335,eclipse,2005-08-08,severity,normal,minor
Z_ARCHIVED-210289,paulslau,2009-05-18,severity,normal,major
WTP_JAVA_EE_TOOLS-305848,kaloyan,2010-03-16,severity,normal,major
HUDSON-421233,mygwaymark,2013-11-07,severity,normal,critical
ECP-438010,eneufeld,2014-07-04,severity,normal,minor
Z_ARCHIVED-181299,ewchan,2007-04-05,severity,normal,major
CDT-404716,aegges,2013-05-03,severity,normal,critical
PAPYRUS-348021,yann.tanguy,2011-06-01,severity,normal,major
COMMUNITY-449158,anne.jacko,2014-10-29,severity,normal,major
PLATFORM-65229,philippe_mulet,2004-06-07,severity,normal,major
JUBULA-418303,alexandra.schladebeck,2013-11-25,severity,major,blocker
DIRIGIBLE-508662,nedelcho.delchev,2016-12-06,severity,enhancement,blocker
EQUINOX-345061,david_williams,2011-05-09,severity,normal,major
Z_ARCHIVED-69611,psun,2004-07-12,severity,normal,major
CDT-400028,angvoz.dev,2013-02-05,severity,normal,minor
TMF-441869,eclipse,2014-08-16,severity,normal,major
ECLIPSELINK-366041,stephen.dimilla,2011-12-08,severity,major,blocker
E4-331694,pwebster,2010-12-02,severity,blocker,critical
PDE-166984,cocoakevin,2006-12-07,severity,normal,major
BIRT-135462,lchen,2006-04-10,severity,critical,blocker
JDT-139933,jlanuti,2006-05-03,severity,normal,major
JSDT-305733,michael_rennie,2010-04-08,severity,normal,major
CDT-61675,john.camelon,2004-05-10,severity,critical,major
WTP_SERVERTOOLS-100817,vbhadrir,2005-06-20,severity,major,minor
Z_ARCHIVED-173635,bhanu.prathap,2007-02-09,severity,normal,major
Z_ARCHIVED-173635,bsubram,2007-02-13,severity,major,blocker
Z_ARCHIVED-173635,bsubram,2007-02-16,severity,blocker,critical
Z_ARCHIVED-173635,bsubram,2007-02-16,severity,critical,blocker
Z_ARCHIVED-173635,bsubram,2007-02-20,severity,blocker,critical
Z_ARCHIVED-173635,bsubram,2007-02-20,severity,critical,major
PAPYRUS-479845,benoit.maggi,2015-10-16,severity,normal,trivial
PLATFORM-107820,tjwatson,2005-08-26,severity,critical,normal
SPHINX-341615,stephaneberle9,2011-04-04,severity,normal,major
ECLIPSELINK-376052,jan.smets7,2012-06-22,severity,normal,major
CDT-525645,tcorbat,2017-10-05,severity,normal,trivial
PLATFORM-17722,kevin_haaland,2002-05-27,severity,normal,critical
PLATFORM-17722,nick_edgar,2002-06-05,severity,critical,normal
Z_ARCHIVED-233917,aog-ecl,2008-05-26,severity,normal,blocker
PLATFORM-313423,eclipse.felipe,2010-05-26,severity,critical,normal
JDT-522328,stephan.herrmann,2017-09-16,severity,normal,major
PLATFORM-260432,john.arthorne,2009-01-08,severity,normal,critical
PLATFORM-260432,john.arthorne,2009-01-09,severity,critical,normal
WORKING_GROUPS-496699,wayne.beaton,2016-07-16,severity,normal,major
Z_ARCHIVED-104130,popescu,2005-07-16,severity,normal,major
BIRT-138811,whe,2006-04-26,severity,normal,blocker
CDT-263926,emanuel,2009-02-18,severity,blocker,normal
Z_ARCHIVED-164983,jglucky,2006-11-17,severity,normal,major
DRUPAL-485785,chris.guindon,2016-02-08,severity,normal,blocker
MYLYN_REVIEWS-399691,steffen.pingel,2013-01-31,severity,major,minor
PLATFORM-127312,pascal,2006-04-05,severity,trivial,critical
PLATFORM-285045,kitlo,2009-08-06,severity,minor,normal
PLATFORM-63699,daniel_megert,2004-05-24,severity,normal,major
WINDOWBUILDER-376132,clayberg,2012-04-07,severity,critical,major
Z_ARCHIVED-276640,kathy,2009-05-25,severity,enhancement,major
COMMUNITY-363264,daniel_megert,2011-11-09,severity,normal,blocker
TARGET_MANAGEMENT-194898,mober.at+eclipse,2007-08-03,severity,minor,normal
JDT-177295,ntamir,2007-03-20,severity,normal,major
PLATFORM-27031,christophe.cornu+eclipse,2002-11-25,severity,major,normal
MYLYN-213740,mik.kersten,2007-12-27,severity,normal,minor
Z_ARCHIVED-241984,ewchan,2008-07-24,severity,major,critical
GMF-TOOLING-259488,golubev,2008-12-22,severity,normal,major
Z_ARCHIVED-187364,jkubasta,2007-05-18,severity,normal,critical
PLATFORM-168160,diegoguidi,2006-12-21,severity,minor,normal
MYLYN_DOCS_VEX-470335,vaibhav0223,2015-06-17,severity,major,blocker
Z_ARCHIVED-148475,guru.nagarajan,2006-10-23,severity,normal,critical
RAP-256195,maxf59964,2009-01-01,severity,normal,critical
Z_ARCHIVED-126421,srinivas.p.doddapaneni,2006-03-08,severity,enhancement,normal
E4-414102,scela,2013-07-31,severity,normal,minor
E4-414102,lars.vogel,2013-07-31,severity,minor,normal
E4-414102,scela,2013-07-31,severity,normal,minor
JDT-344552,daniel_megert,2011-05-03,severity,normal,minor
Z_ARCHIVED-373842,svihovec,2012-03-12,severity,minor,normal
BPMN2MODELER-417621,bbrodt,2013-10-11,severity,enhancement,normal
Z_ARCHIVED-138394,ewchan,2006-04-26,severity,critical,enhancement
Z_ARCHIVED-138394,smith,2006-04-28,severity,enhancement,major
Z_ARCHIVED-69010,jptoomey,2004-07-06,severity,normal,major
JUBULA-417427,achim.loerke,2013-09-23,severity,normal,major
Z_ARCHIVED-363670,jinfahua,2011-11-14,severity,normal,major
Z_ARCHIVED-363670,jspadea,2011-11-15,severity,major,minor
PDE-38288,dejan,2003-06-03,severity,critical,normal
PDE-38288,camle,2004-07-14,severity,normal,critical
CDT-44633,john.camelon,2003-10-17,severity,normal,major
BPMN2MODELER-438361,gisler,2014-06-27,severity,blocker,critical
GEF-101703,david.dubrow,2005-06-24,severity,normal,enhancement
GEF-101703,ppshah,2005-07-13,severity,enhancement,normal
CDT-23051,johan.walles,2002-08-30,severity,normal,major
PLATFORM-34511,nick_edgar,2003-03-12,severity,normal,major
PLATFORM-169291,wuhaijie,2007-04-11,severity,minor,major
ORION-339378,szymon.brandys,2011-03-09,severity,normal,major
ORION-339378,szymon.brandys,2011-03-10,severity,major,critical
MYLYN-278697,steffen.pingel,2009-06-01,severity,normal,minor
JDT-19859,erich_gamma,2002-06-18,severity,normal,major
SAPPHIRE-334338,konstantin,2011-01-13,severity,normal,major
EQUINOX-427123,tobias.oberlies,2014-07-04,severity,normal,major
Z_ARCHIVED-193665,loulloudes.n,2007-06-21,severity,enhancement,normal
RAP-411484,mknauer,2013-06-24,severity,normal,critical
BUCKMINSTER-221734,thomas,2008-03-07,severity,critical,normal
PDE-87255,daniel_megert,2005-03-07,severity,normal,minor
VERTX-482207,timvolpe,2015-11-16,severity,critical,normal
ECLIPSELINK-302884,michael.f.obrien,2010-02-17,severity,normal,major
Z_ARCHIVED-164987,tbuss,2006-12-11,severity,normal,minor
PDE-55844,philippe_mulet,2004-03-24,severity,major,critical
PDE-55844,philippe_mulet,2004-03-24,severity,critical,blocker
COMMUNITY-417546,ddykstal.eclipse,2013-09-19,severity,normal,major
Z_ARCHIVED-101064,suwanda,2005-06-21,severity,normal,major
Z_ARCHIVED-101064,scott.schneider,2005-06-28,severity,major,normal
Z_ARCHIVED-101064,scott.schneider,2005-08-01,severity,normal,major
WTP_SOURCE_EDITING-185402,kathy,2007-05-18,severity,normal,major
WTP_JAVA_EE_TOOLS-269360,pklicnik,2009-03-19,severity,normal,critical
BIRT-90305,aleksander.bandelj,2005-04-05,severity,blocker,major
ORION-418932,michael_rennie,2013-11-15,severity,normal,major
BIRT-136838,ysun,2006-04-14,severity,critical,major
BIRT-136838,ysun,2006-04-19,severity,major,critical
PLATFORM-234265,cdeadmin,2008-05-28,severity,normal,major
Z_ARCHIVED-209866,hkyleung,2008-02-22,severity,normal,major
JUBULA-422112,marcel.hein,2013-11-28,severity,blocker,critical
JUBULA-422112,alexandra.schladebeck,2013-12-10,severity,critical,enhancement
JUBULA-422112,alexandra.schladebeck,2013-12-10,severity,enhancement,critical
Z_ARCHIVED-63702,curtispd,2004-05-25,severity,critical,normal
Z_ARCHIVED-186484,dlwhiteman,2007-05-11,severity,minor,normal
TIGERSTRIPE-221695,erdillon,2008-03-10,severity,normal,major
ASPECTJ-307120,aclement,2010-03-25,severity,normal,critical
PLATFORM-17903,klicnik,2002-05-28,severity,normal,major
JDT-212263,benno.baumgartner,2007-12-10,severity,minor,trivial
JDT-11433,kai-uwe_maetzel,2002-03-17,severity,normal,major
TYCHO-412945,tobias.oberlies,2013-10-18,severity,normal,major
WTP_JAVA_EE_TOOLS-101270,sengpl,2005-06-22,severity,critical,blocker
Z_ARCHIVED-243212,rfuhrer,2008-08-08,severity,major,normal
Z_ARCHIVED-225815,sleeloy,2008-05-01,severity,blocker,normal
JDT-528818,noopur_gupta,2018-01-22,severity,normal,major
EGIT-345887,knut.friedhelm,2012-01-05,severity,enhancement,normal
PLATFORM-55926,christophe.cornu+eclipse,2004-03-24,severity,normal,blocker
PAPYRUS-400825,cletavernier,2013-02-22,severity,normal,critical
CDT-326307,a-lee,2011-01-11,severity,normal,critical
PLATFORM-30990,nick_edgar,2003-02-06,severity,normal,major
COMMUNITY-443883,denis.roy,2014-10-02,severity,critical,normal
ECLIPSELINK-328510,tom.ware,2010-10-22,severity,normal,critical
PLATFORM-134181,andre_weinand,2006-03-30,severity,normal,blocker
JDT-163797,markus.kell.r,2006-11-20,severity,normal,minor
PLATFORM-14167,kevin_mcguire,2002-04-19,severity,enhancement,normal
JUBULA-335569,alexandra.schladebeck,2011-01-28,severity,major,blocker
PLATFORM-33057,kai-uwe_maetzel,2003-02-25,severity,normal,critical
Z_ARCHIVED-205119,amehrega,2007-10-01,severity,normal,critical
Z_ARCHIVED-182970,smith,2007-04-18,severity,major,blocker
GMF-TOOLING-139843,fplante,2006-05-12,severity,normal,major
M2E-410954,brian.brooks,2013-06-19,severity,normal,major
PAPYRUS-279574,emilien.perico,2009-08-26,severity,normal,critical
PLATFORM-20957,john.arthorne,2002-06-25,severity,normal,major
PAPYRUS-300048,thibault.landre,2010-01-29,severity,normal,blocker
PLATFORM-115614,cgold,2007-07-25,severity,minor,normal
PLATFORM-20599,nick_edgar,2002-06-19,severity,normal,major
EPP-237425,mknauer,2008-06-17,severity,normal,critical
EPP-237425,mober.at+eclipse,2008-06-24,severity,critical,minor
EPP-237425,david_williams,2008-06-24,severity,minor,normal
PLATFORM-18760,nick_edgar,2002-06-05,severity,critical,major
WTP_WEBSITE-135261,gunnar,2006-04-15,severity,normal,major
PLATFORM-39751,john.arthorne,2003-07-08,severity,normal,critical
Z_ARCHIVED-65166,agrawalm,2004-06-02,severity,normal,critical
CDT-43348,alain,2003-09-19,severity,normal,major
EQUINOX-227232,jdmiles,2008-04-15,severity,normal,critical
